Address,Date time,Minimum Temperature,Maximum Temperature,Temperature,Dew Point,Relative Humidity,Heat Index,Wind Speed,Wind Gust,Wind Direction,Wind Chill,Precipitation,Precipitation Cover,Snow Depth,Visibility,Cloud Cover,Sea Level Pressure,Weather Type,Latitude,Longitude,Resolved Address,Name,Info,Conditions
US,01/01/2023,6.4,16.3,11.0,7.9,82.24,,14.2,,220.04,5.4,0.1,4.17,,14.6,47.7,1015.4,"Mist, Fog",38.8904,-77.032,United States,United States,,"Rain, Partially cloudy"
US,01/02/2023,4.4,17.2,10.5,6.8,79.25,,14.7,,188.5,2.4,0.0,0.0,,15.9,87.8,1019.7,Mist,38.8904,-77.032,United States,United States,,Overcast
US,01/03/2023,10.1,20.0,15.2,11.3,78.49,,28.5,47.1,196.38,,0.0,0.0,,15.6,90.7,1014.0,Light Rain,38.8904,-77.032,United States,United States,,Overcast
US,01/04/2023,11.9,18.3,15.3,12.8,85.43,,22.8,50.0,186.21,,0.0,0.0,,15.9,85.2,1010.4,Light Rain,38.8904,-77.032,United States,United States,,Overcast
US,01/05/2023,9.8,17.8,13.5,7.8,70.43,,20.2,,188.96,7.3,0.0,0.0,,15.9,75.8,1013.3,Fog,38.8904,-77.032,United States,United States,,Overcast
US,01/06/2023,6.5,11.0,8.9,0.1,55.12,,34.1,53.5,238.5,4.1,0.0,0.0,,16.0,88.5,1018.3,,38.8904,-77.032,United States,United States,,Overcast
US,01/07/2023,3.2,10.5,6.6,-3.2,50.77,,24.7,37.1,293.42,-0.2,0.0,0.0,,16.0,61.0,1024.6,,38.8904,-77.032,United States,United States,,Partially cloudy
US,01/08/2023,-0.3,6.6,3.3,-2.5,66.25,,26.7,,187.42,-3.8,0.27,4.17,,15.9,59.7,1026.0,"Ice, Light Snow, Light Drizzle, Light Rain",38.8904,-77.032,United States,United States,,"Rain, Partially cloudy"
US,01/09/2023,2.7,10.5,5.8,-1.9,61.68,,27.5,50.2,301.33,-0.7,0.0,0.0,,15.2,31.7,1017.1,"Mist, Light Drizzle",38.8904,-77.032,United States,United States,,Partially cloudy
US,01/10/2023,1.2,8.3,4.6,-3.5,57.08,,15.8,,219.42,-2.8,0.0,0.0,,16.0,60.5,1018.9,,38.8904,-77.032,United States,United States,,Partially cloudy
US,01/11/2023,0.2,8.2,4.4,-0.2,72.91,,17.4,,102.88,-3.1,0.48,4.17,,15.5,72.8,1022.0,"Mist, Light Rain",38.8904,-77.032,United States,United States,,"Rain, Partially cloudy"
US,01/12/2023,4.8,12.8,8.5,5.9,84.19,,16.8,,129.79,2.8,3.22,20.83,,14.9,95.3,1014.7,"Mist, Rain, Heavy Rain, Light Rain",38.8904,-77.032,United States,United States,,"Rain, Overcast"
US,01/13/2023,4.3,12.7,9.1,3.2,68.34,,36.5,52.7,291.04,-0.5,6.33,25.0,,15.6,83.5,1005.7,"Mist, Light Drizzle, Rain, Heavy Rain, Light Rain",38.8904,-77.032,United States,United States,,"Rain, Overcast"
US,01/14/2023,-0.1,4.2,2.2,-5.2,58.02,,39.3,56.1,336.29,-6.2,0.0,0.0,,16.0,98.8,1012.9,,38.8904,-77.032,United States,United States,,Overcast
US,01/15/2023,-1.7,7.7,2.4,-6.9,51.5,,32.7,49.2,335.54,-7.9,0.0,0.0,,16.0,17.9,1019.0,,38.8904,-77.032,United States,United States,,Clear
US,01/16/2023,-0.9,12.7,5.5,-8.7,39.04,,23.8,35.3,266.92,-5.8,0.0,0.0,,16.0,36.7,1016.2,,38.8904,-77.032,United States,United States,,Partially cloudy
US,01/17/2023,3.1,7.2,5.2,2.5,83.81,,12.9,,142.21,2.0,1.42,20.83,,13.8,90.5,1007.9,"Mist, Light Drizzle, Fog, Light Rain",38.8904,-77.032,United States,United States,,"Rain, Overcast"
US,01/18/2023,3.8,14.9,8.8,3.7,73.32,,23.7,38.9,226.46,1.7,0.0,0.0,,14.8,42.8,1012.7,"Mist, Fog",38.8904,-77.032,United States,United States,,Partially cloudy
US,01/19/2023,5.9,8.2,7.0,4.0,81.54,,16.0,,107.42,4.2,1.95,33.33,,13.5,97.9,1011.5,"Drizzle, Mist, Heavy Drizzle, Light Drizzle, Rain, Heavy Rain, Light Rain",38.8904,-77.032,United States,United States,,"Rain, Overcast"
US,01/20/2023,5.0,11.0,7.8,0.1,61.57,,37.7,57.8,296.29,2.0,0.0,0.0,,13.4,75.8,1010.9,"Mist, Fog",38.8904,-77.032,United States,United States,,Overcast
US,01/21/2023,1.7,6.6,5.1,-3.3,55.31,,21.7,35.3,254.63,0.6,0.0,0.0,,16.0,78.7,1022.4,,38.8904,-77.032,United States,United States,,Overcast
US,01/22/2023,0.8,6.0,3.2,0.6,83.14,,21.5,,113.17,-1.4,5.94,33.33,,13.0,89.3,1017.0,"Mist, Light Drizzle, Rain, Heavy Rain, Light Rain",38.8904,-77.032,United States,United States,,"Rain, Overcast"
US,01/23/2023,3.8,8.3,5.6,0.5,71.82,,39.3,56.6,270.88,0.6,2.19,29.17,,14.9,96.2,1009.7,"Mist, Light Drizzle, Light Rain",38.8904,-77.032,United States,United States,,"Rain, Overcast"
US,01/24/2023,0.4,10.5,5.1,-3.5,56.34,,16.6,40.7,219.25,-2.5,0.0,0.0,,16.0,62.4,1023.6,,38.8904,-77.032,United States,United States,,Partially cloudy
US,01/25/2023,2.0,8.4,4.9,1.9,81.6,,18.2,27.7,98.08,-0.4,12.06,50.0,,11.8,95.8,1016.3,"Drizzle, Mist, Heavy Drizzle, Light Drizzle, Rain, Heavy Rain, Light Rain",38.8904,-77.032,United States,United States,,"Rain, Overcast"
US,01/26/2023,4.8,9.8,7.2,-0.6,60.59,,34.4,56.0,273.67,2.2,0.02,4.17,,15.9,75.2,1008.6,"Mist, Light Rain",38.8904,-77.032,United States,United States,,"Rain, Overcast"
US,01/27/2023,0.2,7.6,3.9,-6.0,50.07,,23.5,35.3,256.83,-2.6,0.0,0.0,,16.0,46.9,1020.8,,38.8904,-77.032,United States,United States,,Partially cloudy
US,01/28/2023,1.4,14.2,6.7,-2.9,52.19,,21.3,31.7,188.25,-2.5,0.0,0.0,,16.0,59.2,1025.2,,38.8904,-77.032,United States,United States,,Partially cloudy
US,01/29/2023,4.8,9.9,7.1,1.9,70.13,,21.8,27.7,198.25,2.2,0.89,12.5,,15.9,80.2,1023.7,Light Rain,38.8904,-77.032,United States,United States,,"Rain, Overcast"
US,01/30/2023,4.9,16.1,9.2,4.9,76.57,,14.0,,144.79,6.5,0.0,0.0,,15.8,64.1,1021.2,,38.8904,-77.032,United States,United States,,Partially cloudy
US,01/31/2023,2.7,8.3,5.2,3.1,86.57,,23.2,27.7,124.42,-1.1,4.2,25.0,,14.3,85.5,1022.1,"Mist, Light Drizzle, Rain, Heavy Rain, Light Rain",38.8904,-77.032,United States,United States,,"Rain, Overcast"
US,02/01/2023,0.3,4.9,2.0,-5.8,59.45,,24.6,,239.33,-4.5,1.09,16.67,,14.7,81.8,1025.5,"Light Snow, Mist, Light Rain",38.8904,-77.032,United States,United States,,"Rain, Overcast"
US,02/02/2023,-0.4,5.4,2.2,-5.3,59.18,,18.2,,121.46,-2.2,0.0,0.0,,16.0,94.5,1021.8,,38.8904,-77.032,United States,United States,,Overcast
US,02/03/2023,-6.8,4.8,-0.2,-11.9,43.4,,45.2,68.7,305.58,-15.4,0.0,0.0,,15.9,54.6,1021.4,,38.8904,-77.032,United States,United States,,Partially cloudy
US,02/04/2023,-8.4,-0.1,-4.2,-16.6,37.87,,27.3,49.3,222.42,-16.3,0.0,0.0,,16.0,27.8,1035.2,,38.8904,-77.032,United States,United States,,Partially cloudy
US,02/05/2023,0.5,14.9,6.8,-5.4,42.59,,28.9,52.9,195.17,-5.0,0.0,0.0,,16.0,79.7,1022.1,,38.8904,-77.032,United States,United States,,Overcast
US,02/06/2023,3.8,12.7,8.7,-0.1,54.98,,32.3,51.8,314.13,-0.1,0.0,0.0,,16.0,65.0,1019.0,,38.8904,-77.032,United States,United States,,Partially cloudy
US,02/07/2023,-0.4,9.4,5.2,-0.6,67.54,,18.5,,174.25,-1.1,0.0,0.0,,15.5,66.2,1025.3,,38.8904,-77.032,United States,United States,,Partially cloudy
US,02/08/2023,6.8,18.7,11.8,1.8,53.07,,23.9,35.3,144.42,5.5,0.0,0.0,,15.9,85.6,1023.3,,38.8904,-77.032,United States,United States,,Overcast
US,02/09/2023,7.7,17.4,12.8,6.3,65.12,,25.8,42.5,128.75,6.2,0.0,0.0,,16.0,87.9,1018.6,Light Rain,38.8904,-77.032,United States,United States,,Overcast
US,02/10/2023,9.2,17.8,14.2,3.7,50.96,,34.1,54.2,280.96,6.6,0.0,0.0,,16.0,70.4,1015.9,,38.8904,-77.032,United States,United States,,Partially cloudy
US,02/11/2023,4.3,10.0,7.3,-5.2,41.28,,28.5,45.9,274.63,0.5,0.0,0.0,,16.0,80.9,1025.8,,38.8904,-77.032,United States,United States,,Overcast
US,02/12/2023,3.2,5.4,4.2,0.1,75.57,,29.1,47.9,78.75,-2.1,20.45,62.5,,13.4,91.3,1016.3,"Ice, Mist, Rain, Heavy Rain, Light Rain",38.8904,-77.032,United States,United States,,"Rain, Overcast"
US,02/13/2023,2.9,14.2,8.2,-3.9,46.84,,25.4,36.5,288.5,-0.9,0.57,12.5,,16.0,62.2,1006.8,"Light Drizzle, Light Rain",38.8904,-77.032,United States,United States,,"Rain, Partially cloudy"
US,02/14/2023,2.9,15.0,8.9,-1.3,51.32,,16.5,,164.79,1.0,0.0,0.0,,15.9,56.6,1018.5,,38.8904,-77.032,United States,United States,,Partially cloudy
US,02/15/2023,9.3,20.0,13.5,4.4,55.27,,27.0,47.9,190.71,6.3,0.27,4.17,,16.0,82.3,1017.3,Light Rain,38.8904,-77.032,United States,United States,,"Rain, Overcast"
US,02/16/2023,8.3,17.1,12.5,10.2,86.4,,18.1,,163.83,6.4,3.48,20.83,,14.2,90.3,1015.5,"Mist, Light Drizzle, Rain, Fog, Heavy Rain, Light Rain",38.8904,-77.032,United States,United States,,"Rain, Overcast"
US,02/17/2023,2.1,17.2,10.8,6.3,75.5,,40.5,73.2,265.46,-4.4,17.25,29.17,,13.9,88.9,1009.3,"Mist, Light Drizzle, Rain, Fog, Heavy Rain, Light Rain",38.8904,-77.032,United States,United States,,"Rain, Overcast"
US,02/18/2023,-1.8,8.2,2.7,-8.1,45.64,,33.9,55.7,278.21,-7.9,0.0,0.0,,16.0,31.6,1028.6,,38.8904,-77.032,United States,United States,,Partially cloudy
US,02/19/2023,3.1,16.0,9.3,0.0,54.01,,32.3,50.7,189.0,0.2,0.0,0.0,,16.0,64.6,1022.7,,38.8904,-77.032,United States,United States,,Partially cloudy
US,02/20/2023,8.7,13.9,11.3,5.7,69.29,,20.3,,190.5,6.8,0.0,0.0,,16.0,86.6,1008.4,Light Rain,38.8904,-77.032,United States,United States,,Overcast
US,02/21/2023,7.6,17.7,12.3,3.5,59.08,,25.3,44.6,218.08,7.0,0.28,4.17,,16.0,72.5,1005.2,Light Rain,38.8904,-77.032,United States,United States,,"Rain, Partially cloudy"
US,02/22/2023,6.2,11.7,9.2,0.1,54.03,,19.8,,96.79,3.9,0.5,8.33,,16.0,86.9,1015.9,Light Rain,38.8904,-77.032,United States,United States,,"Rain, Overcast"
US,02/23/2023,7.6,27.0,13.9,7.5,67.98,26.5,17.4,31.7,126.17,5.9,0.0,0.0,,15.7,53.3,1011.5,,38.8904,-77.032,United States,United States,,Partially cloudy
US,02/24/2023,5.4,18.6,12.6,-2.6,35.67,,44.4,73.5,310.33,1.5,0.0,0.0,,16.0,44.2,1024.2,,38.8904,-77.032,United States,United States,,Partially cloudy
US,02/25/2023,0.8,4.1,2.5,-3.8,65.36,,19.4,27.7,73.96,-2.9,0.27,4.17,,14.9,92.2,1027.9,"Light Snow, Light Drizzle",38.8904,-77.032,United States,United States,,"Rain, Overcast"
US,02/26/2023,2.7,11.6,6.8,2.0,73.25,,21.7,35.3,208.83,0.0,0.0,0.0,,15.3,67.3,1015.5,,38.8904,-77.032,United States,United States,,Partially cloudy
US,02/27/2023,3.0,10.6,7.6,0.9,64.63,,20.6,40.7,113.04,1.1,4.14,16.67,,15.7,80.9,1010.6,"Mist, Light Drizzle, Light Rain",38.8904,-77.032,United States,United States,,"Rain, Overcast"
US,02/28/2023,4.9,17.1,9.3,4.6,74.43,,23.7,31.7,130.04,2.8,2.73,8.33,,14.6,70.5,1006.8,"Mist, Light Rain",38.8904,-77.032,United States,United States,,"Rain, Partially cloudy"
US,03/01/2023,3.8,13.4,9.0,4.4,74.83,,25.6,,117.13,2.8,0.0,0.0,,14.7,40.7,1016.9,Mist,38.8904,-77.032,United States,United States,,Partially cloudy
US,03/02/2023,8.8,18.8,12.9,6.6,69.26,,20.2,33.5,235.5,7.6,1.32,16.67,0.0,15.8,86.1,1007.5,"Thunderstorm, Light Rain",38.8904,-77.032,United States,United States,,"Rain, Overcast"
US,03/03/2023,4.9,11.0,7.4,2.7,73.17,,24.9,39.0,81.83,1.2,5.54,45.83,,13.2,90.9,1011.1,"Mist, Light Drizzle, Rain, Heavy Rain, Light Rain",38.8904,-77.032,United States,United States,,"Rain, Overcast"
US,03/04/2023,4.9,14.3,9.6,1.5,60.31,,43.9,70.4,304.08,2.8,1.87,4.17,,16.0,53.7,1005.2,Mist,38.8904,-77.032,United States,United States,,"Rain, Partially cloudy"
US,03/05/2023,2.8,18.2,10.2,-0.2,52.91,,32.9,52.3,202.5,1.0,0.0,0.0,,16.0,20.7,1021.5,,38.8904,-77.032,United States,United States,,Clear
US,03/06/2023,4.4,14.4,9.2,-0.8,50.94,,15.8,,94.46,3.1,0.0,0.0,,16.0,53.6,1020.5,,38.8904,-77.032,United States,United States,,Partially cloudy
US,03/07/2023,5.5,12.7,8.2,-4.0,46.63,,42.6,71.2,303.88,0.5,0.0,0.0,,16.0,46.4,1014.0,,38.8904,-77.032,United States,United States,,Partially cloudy
US,03/08/2023,1.6,11.6,6.5,-6.1,40.26,,34.5,54.8,332.46,-4.0,0.0,0.0,,16.0,15.3,1024.0,,38.8904,-77.032,United States,United States,,Clear
US,03/09/2023,2.7,13.2,7.7,-2.5,49.24,,20.3,33.1,256.71,-1.8,0.0,0.0,,16.0,35.5,1023.8,,38.8904,-77.032,United States,United States,,Partially cloudy
US,03/10/2023,4.9,7.8,6.5,2.4,75.64,,16.6,,138.63,2.8,3.8,29.17,,14.0,90.7,1013.5,"Mist, Light Drizzle, Rain, Heavy Rain, Light Rain",38.8904,-77.032,United States,United States,,"Rain, Overcast"
US,03/11/2023,3.7,8.7,5.9,-2.9,53.26,,39.8,60.5,321.17,-2.2,0.0,0.0,,16.0,92.8,1011.4,,38.8904,-77.032,United States,United States,,Overcast
US,03/12/2023,0.5,5.5,3.1,-1.4,72.53,,14.2,,157.26,-2.5,0.58,17.39,,15.9,75.8,1016.5,"Light Drizzle, Light Rain",38.8904,-77.032,United States,United States,,"Rain, Overcast"
US,03/13/2023,3.7,9.9,6.2,2.6,78.85,,28.7,42.5,165.79,1.5,1.09,16.67,,13.1,96.2,1012.1,"Mist, Light Drizzle, Light Rain",38.8904,-77.032,United States,United States,,"Rain, Overcast"
US,03/14/2023,1.0,6.1,3.6,-7.9,43.37,,45.5,74.8,300.33,-5.1,0.0,0.0,,16.0,48.0,1012.4,,38.8904,-77.032,United States,United States,,Partially cloudy
US,03/15/2023,0.5,11.0,5.1,-9.6,36.93,,42.2,71.2,312.88,-6.2,0.0,0.0,,16.0,21.7,1018.0,,38.8904,-77.032,United States,United States,,Clear
US,03/16/2023,1.5,17.8,9.4,-7.7,32.13,,25.0,27.7,220.46,-1.3,0.0,0.0,,16.0,54.8,1019.0,,38.8904,-77.032,United States,United States,,Partially cloudy
US,03/17/2023,9.4,16.6,12.9,3.3,53.1,,31.0,46.9,195.88,7.4,0.3,8.33,,15.7,91.6,1006.9,"Light Drizzle, Light Rain",38.8904,-77.032,United States,United States,,"Rain, Overcast"
US,03/18/2023,5.5,13.3,8.8,-4.3,41.99,,38.1,54.2,313.42,1.6,0.35,8.33,,16.0,77.0,1009.7,"Rain, Heavy Rain, Light Rain",38.8904,-77.032,United States,United States,,"Rain, Overcast"
US,03/19/2023,-1.7,6.6,2.8,-12.3,32.3,,31.9,54.3,304.42,-8.3,0.0,0.0,,16.0,35.7,1020.8,,38.8904,-77.032,United States,United States,,Partially cloudy
US,03/20/2023,-1.6,11.1,4.7,-9.1,37.08,,18.4,27.7,223.21,-4.3,0.0,0.0,,16.0,19.9,1027.2,,38.8904,-77.032,United States,United States,,Clear
US,03/21/2023,0.8,17.2,8.6,-4.5,43.38,,15.9,,173.29,-1.5,0.0,0.0,,16.0,50.9,1029.0,,38.8904,-77.032,United States,United States,,Partially cloudy
US,03/22/2023,8.7,19.3,13.2,-0.7,40.68,,28.9,45.6,189.42,6.3,0.0,0.0,,16.0,84.1,1025.8,,38.8904,-77.032,United States,United States,,Overcast
US,03/23/2023,10.6,28.2,17.8,9.4,60.83,27.6,26.0,47.9,202.42,,0.0,0.0,,16.0,81.4,1014.7,Light Rain,38.8904,-77.032,United States,United States,,Overcast
US,03/24/2023,6.1,20.5,12.9,9.5,80.93,,26.0,,104.88,4.1,18.3,50.0,,14.4,98.0,1014.1,"Mist, Light Drizzle, Rain, Heavy Rain, Light Rain",38.8904,-77.032,United States,United States,,"Rain, Overcast"
US,03/25/2023,6.7,11.7,8.6,7.1,90.67,,21.3,,120.71,3.1,3.95,33.33,,11.1,100.0,1010.4,"Drizzle, Mist, Heavy Drizzle, Light Drizzle, Rain, Fog, Heavy Rain, Light Rain",38.8904,-77.032,United States,United States,,"Rain, Overcast"
US,03/26/2023,8.8,21.0,14.3,2.0,50.55,,23.7,43.5,244.71,7.2,0.0,0.0,,12.8,28.7,1014.0,Fog,38.8904,-77.032,United States,United States,,Partially cloudy
US,03/27/2023,8.2,16.0,12.4,8.1,75.51,,17.8,,122.88,6.3,0.51,8.33,,15.4,70.9,1014.1,"Mist, Light Rain, Smoke Or Haze",38.8904,-77.032,United States,United States,,"Rain, Partially cloudy"
US,03/28/2023,7.9,15.5,11.4,2.8,57.52,,25.7,40.5,222.0,5.9,0.0,0.0,,16.0,63.8,1018.8,Mist,38.8904,-77.032,United States,United States,,Partially cloudy
US,03/29/2023,6.3,15.4,11.1,-1.1,43.44,,21.3,,167.58,3.8,0.0,0.0,,16.0,56.4,1020.6,Light Rain,38.8904,-77.032,United States,United States,,Partially cloudy
US,03/30/2023,2.8,12.1,8.1,-5.3,39.68,,35.7,61.0,189.58,-2.1,0.0,0.0,,16.0,13.4,1026.4,,38.8904,-77.032,United States,United States,,Clear
US,03/31/2023,5.3,18.8,12.1,4.9,62.49,,43.5,69.4,186.79,2.6,0.0,0.0,,16.0,70.3,1021.9,,38.8904,-77.032,United States,United States,,Partially cloudy
US,04/01/2023,9.9,24.3,18.0,11.9,70.35,,58.1,90.3,221.92,5.6,6.49,54.17,,15.6,86.0,1002.8,"Lightning Without Thunder, Mist, Light Drizzle, Thunderstorm, Rain, Heavy Rain, Light Rain",38.8904,-77.032,United States,United States,,"Rain, Overcast"
US,04/02/2023,8.3,13.8,10.6,-1.8,42.65,,45.3,74.7,269.75,3.5,0.0,0.0,,16.0,40.3,1015.3,,38.8904,-77.032,United States,United States,,Partially cloudy
US,04/03/2023,5.1,21.6,13.3,4.5,56.88,,35.9,50.0,158.04,4.2,0.0,0.0,,16.0,58.5,1018.0,,38.8904,-77.032,United States,United States,,Partially cloudy
US,04/04/2023,13.2,26.2,19.3,11.0,59.62,,20.6,38.9,180.0,,0.0,0.0,,16.0,24.5,1015.5,,38.8904,-77.032,United States,United States,,Clear
US,04/05/2023,16.0,29.9,22.5,15.7,67.86,29.6,32.6,47.7,145.92,,0.0,0.0,,15.9,78.4,1017.7,,38.8904,-77.032,United States,United States,,Overcast
US,04/06/2023,17.1,29.4,23.3,15.6,63.03,29.6,44.8,70.3,205.13,,0.82,8.33,,15.7,85.5,1019.9,"Lightning Without Thunder, Rain, Heavy Rain, Light Rain",38.8904,-77.032,United States,United States,,"Rain, Overcast"
US,04/07/2023,10.5,16.6,12.7,0.2,42.88,,30.2,46.0,310.33,,0.29,8.33,,16.0,92.1,1028.7,Light Rain,38.8904,-77.032,United States,United States,,"Rain, Overcast"
US,04/08/2023,7.6,11.5,9.4,-3.3,41.64,,30.1,40.7,99.42,4.1,0.0,0.0,,16.0,88.7,1031.6,,38.8904,-77.032,United States,United States,,Overcast
US,04/09/2023,4.4,16.5,10.6,-1.4,47.09,,16.0,,70.04,2.3,0.0,0.0,,16.0,33.9,1031.5,,38.8904,-77.032,United States,United States,,Partially cloudy
US,04/10/2023,5.5,17.8,11.8,-0.7,44.77,,17.2,,182.58,4.5,0.0,0.0,,16.0,2.0,1031.3,Smoke Or Haze,38.8904,-77.032,United States,United States,,Clear
US,04/11/2023,6.9,25.5,15.7,1.1,41.83,,19.2,33.5,206.79,4.7,0.0,0.0,,16.0,36.4,1023.6,,38.8904,-77.032,United States,United States,,Partially cloudy
US,04/12/2023,13.1,29.2,20.9,6.7,44.14,27.7,26.9,44.6,227.88,,0.0,0.0,,16.0,47.3,1015.7,,38.8904,-77.032,United States,United States,,Partially cloudy
US,04/13/2023,13.0,31.0,21.9,8.4,47.0,29.0,17.8,31.7,201.83,,0.0,0.0,,16.0,6.4,1014.0,,38.8904,-77.032,United States,United States,,Clear
US,04/14/2023,15.3,27.1,20.3,12.7,63.36,26.9,23.3,25.9,191.17,,0.0,0.0,,15.9,85.7,1012.6,Mist,38.8904,-77.032,United States,United States,,Overcast
US,04/15/2023,18.2,25.6,20.3,17.2,83.64,,21.7,,153.88,,9.05,20.83,,15.5,87.8,1011.2,"Lightning Without Thunder, Thunderstorm, Light Rain",38.8904,-77.032,United States,United States,,"Rain, Overcast"
US,04/16/2023,15.4,26.7,21.3,16.0,74.09,26.9,22.2,,172.08,,0.0,0.0,,15.9,77.5,1008.4,"Mist, Fog",38.8904,-77.032,United States,United States,,Overcast
US,04/17/2023,13.4,21.6,16.9,4.6,46.27,,34.5,53.1,280.79,,0.27,8.33,,16.0,81.1,1005.3,Light Rain,38.8904,-77.032,United States,United States,,"Rain, Overcast"
US,04/18/2023,8.9,23.3,16.0,-1.1,35.72,,26.8,50.2,256.79,7.4,0.0,0.0,,16.0,21.7,1009.0,,38.8904,-77.032,United States,United States,,Clear
US,04/19/2023,7.2,23.7,15.5,2.3,43.55,,18.3,29.5,165.54,6.1,0.0,0.0,,16.0,27.8,1018.5,,38.8904,-77.032,United States,United States,,Partially cloudy
US,04/20/2023,12.4,29.8,20.4,11.6,60.33,28.2,16.0,,90.96,,0.0,0.0,,15.8,52.5,1019.6,,38.8904,-77.032,United States,United States,,Partially cloudy
US,04/21/2023,14.1,31.1,22.0,12.9,60.59,29.3,22.2,37.1,109.33,,0.0,0.0,,15.4,34.3,1014.8,Mist,38.8904,-77.032,United States,United States,,Partially cloudy
US,04/22/2023,14.8,22.8,18.9,12.5,68.53,,34.3,67.2,199.67,,10.39,25.0,,15.3,77.4,1010.0,"Lightning Without Thunder, Mist, Light Drizzle, Rain, Thunderstorm, Heavy Rain, Light Rain",38.8904,-77.032,United States,United States,,"Rain, Overcast"
US,04/23/2023,9.9,17.8,14.2,5.3,57.18,,28.3,44.4,303.0,6.7,0.0,0.0,,16.0,59.0,1014.0,,38.8904,-77.032,United States,United States,,Partially cloudy
US,04/24/2023,8.1,16.0,11.6,-1.3,41.52,,25.9,42.5,300.04,5.5,0.0,0.0,,16.0,59.8,1019.5,,38.8904,-77.032,United States,United States,,Partially cloudy
US,04/25/2023,6.5,16.1,11.7,0.0,45.33,,17.2,33.5,264.75,3.4,0.0,0.0,,16.0,73.9,1022.5,,38.8904,-77.032,United States,United States,,Partially cloudy
US,04/26/2023,8.3,19.3,13.5,6.4,63.64,,21.6,37.1,118.71,8.5,0.29,8.33,,15.9,69.0,1021.7,"Light Rain, Smoke Or Haze",38.8904,-77.032,United States,United States,,"Rain, Partially cloudy"
US,04/27/2023,10.9,22.0,15.9,9.9,68.56,,24.9,,98.58,,0.0,0.0,,16.0,82.8,1019.7,,38.8904,-77.032,United States,United States,,Overcast
US,04/28/2023,12.1,14.9,13.5,12.0,91.04,,35.6,55.0,60.13,,30.26,83.33,,8.9,98.6,1013.4,"Mist, Light Drizzle, Rain, Heavy Rain, Light Rain",38.8904,-77.032,United States,United States,,"Rain, Overcast"
US,04/29/2023,12.7,19.3,15.3,12.7,84.76,,17.3,,154.42,,3.67,29.17,,12.7,94.2,1008.6,"Mist, Light Drizzle, Light Rain",38.8904,-77.032,United States,United States,,"Rain, Overcast"
US,04/30/2023,14.9,18.2,16.3,13.9,86.01,,31.9,56.1,186.0,,9.64,37.5,,13.0,98.6,996.1,"Mist, Light Drizzle, Rain, Heavy Rain, Light Rain",38.8904,-77.032,United States,United States,,"Rain, Overcast"
US,05/01/2023,9.9,16.0,13.7,3.4,50.57,,37.5,53.6,238.25,8.2,0.0,0.0,,16.0,77.9,995.8,Smoke Or Haze,38.8904,-77.032,United States,United States,,Overcast
US,05/02/2023,9.9,14.9,11.9,4.8,62.24,,27.4,51.8,265.33,8.2,0.0,0.0,,15.9,92.3,998.2,"Light Drizzle, Light Rain",38.8904,-77.032,United States,United States,,Overcast
US,05/03/2023,9.0,13.6,11.0,2.8,58.19,,28.5,58.1,265.42,7.2,0.27,4.17,,16.0,93.0,1001.8,"Light Drizzle, Light Rain",38.8904,-77.032,United States,United States,,"Rain, Overcast"
US,05/04/2023,8.3,17.0,12.7,4.9,60.12,,21.6,33.5,296.21,6.2,0.0,0.0,,16.0,74.6,1012.6,,38.8904,-77.032,United States,United States,,Partially cloudy
US,05/05/2023,8.1,20.9,15.0,6.6,60.41,,19.5,29.5,221.96,7.0,0.0,0.0,,16.0,46.6,1021.9,Smoke Or Haze,38.8904,-77.032,United States,United States,,Partially cloudy
US,05/06/2023,10.2,23.6,16.7,7.8,58.76,,14.0,29.5,136.54,,0.0,0.0,,16.0,51.6,1024.3,,38.8904,-77.032,United States,United States,,Partially cloudy
US,05/07/2023,12.5,22.9,17.3,13.1,77.18,,15.8,,210.42,,0.5,12.5,,16.0,71.3,1016.9,"Light Drizzle, Light Rain",38.8904,-77.032,United States,United States,,"Rain, Partially cloudy"
US,05/08/2023,15.6,28.3,21.5,15.2,71.37,28.1,20.2,33.5,221.38,,0.06,4.17,,13.8,74.6,1010.2,"Mist, Fog",38.8904,-77.032,United States,United States,,"Rain, Partially cloudy"
US,05/09/2023,13.9,20.9,17.7,11.3,66.99,,16.1,,93.0,,2.61,20.83,,15.9,77.5,1014.0,"Light Drizzle, Rain, Heavy Rain, Light Rain",38.8904,-77.032,United States,United States,,"Rain, Overcast"
US,05/10/2023,10.4,22.1,16.3,7.3,58.25,,12.6,,154.96,,0.0,0.0,,16.0,74.9,1021.2,,38.8904,-77.032,United States,United States,,Partially cloudy
US,05/11/2023,11.8,25.0,18.5,12.3,68.79,,20.3,,158.17,,0.0,0.0,,16.0,69.2,1020.9,,38.8904,-77.032,United States,United States,,Partially cloudy
US,05/12/2023,15.3,28.3,21.8,15.8,70.69,28.8,19.6,,142.46,,0.0,0.0,,16.0,78.4,1018.9,,38.8904,-77.032,United States,United States,,Overcast
US,05/13/2023,17.8,24.3,20.4,17.4,83.66,,23.0,,186.25,,2.28,29.17,,15.1,91.0,1017.7,"Mist, Light Drizzle, Rain, Heavy Rain, Light Rain",38.8904,-77.032,United States,United States,,"Rain, Overcast"
US,05/14/2023,13.6,26.0,20.2,9.5,55.32,,19.4,25.9,176.96,,0.0,0.0,,15.9,42.7,1021.8,Mist,38.8904,-77.032,United States,United States,,Partially cloudy
US,05/15/2023,13.0,23.3,18.2,5.1,42.61,,21.9,37.1,129.54,,0.0,0.0,,16.0,68.1,1023.9,,38.8904,-77.032,United States,United States,,Partially cloudy
US,05/16/2023,14.2,25.5,20.0,13.6,67.92,,24.6,50.0,217.75,,0.0,0.0,,16.0,83.7,1010.3,Light Rain,38.8904,-77.032,United States,United States,,Overcast
US,05/17/2023,15.8,23.3,20.2,8.9,49.97,,30.9,43.9,236.75,,0.0,0.0,,16.0,59.3,1008.5,,38.8904,-77.032,United States,United States,,Partially cloudy
US,05/18/2023,9.7,21.5,15.7,3.8,45.18,,21.4,,97.0,7.5,0.0,0.0,,16.0,38.3,1023.6,,38.8904,-77.032,United States,United States,,Partially cloudy
US,05/19/2023,13.0,23.2,18.1,10.9,64.86,,25.1,35.3,125.42,,0.0,0.0,,16.0,71.8,1024.4,,38.8904,-77.032,United States,United States,,Partially cloudy
US,05/20/2023,14.3,26.2,19.4,14.9,76.9,,26.5,47.9,129.29,,3.85,12.5,,15.4,83.5,1016.3,"Mist, Light Drizzle, Rain, Fog, Heavy Rain, Light Rain",38.8904,-77.032,United States,United States,,"Rain, Overcast"
US,05/21/2023,14.2,26.0,20.2,10.4,56.45,,25.3,40.3,303.04,,0.56,16.67,,16.0,29.9,1016.7,"Mist, Light Rain",38.8904,-77.032,United States,United States,,"Rain, Partially cloudy"
US,05/22/2023,14.7,27.6,21.3,10.7,53.73,26.8,17.5,,125.54,,0.0,0.0,,16.0,55.7,1020.6,,38.8904,-77.032,United States,United States,,Partially cloudy
US,05/23/2023,15.7,23.7,19.5,10.9,59.53,,20.3,29.5,85.67,,0.0,0.0,,15.7,84.9,1024.4,,38.8904,-77.032,United States,United States,,Overcast
US,05/24/2023,13.0,27.0,19.9,9.6,53.5,26.7,17.2,,108.71,,0.0,0.0,,16.0,65.0,1018.1,,38.8904,-77.032,United States,United States,,Partially cloudy
US,05/25/2023,14.3,22.7,18.6,6.1,45.76,,31.9,49.5,68.38,,0.0,0.0,,16.0,53.3,1019.6,,38.8904,-77.032,United States,United States,,Partially cloudy
US,05/26/2023,12.3,23.7,18.3,7.1,51.24,,21.1,29.5,87.25,,0.0,0.0,,16.0,45.9,1024.1,,38.8904,-77.032,United States,United States,,Partially cloudy
US,05/27/2023,12.8,24.9,19.0,6.1,45.57,,23.2,34.9,98.33,,0.0,0.0,,16.0,64.6,1025.3,,38.8904,-77.032,United States,United States,,Partially cloudy
US,05/28/2023,15.3,23.2,19.0,11.0,59.96,,18.1,,50.17,,0.28,4.17,,15.6,95.2,1019.7,"Mist, Light Drizzle, Light Rain",38.8904,-77.032,United States,United States,,"Rain, Overcast"
US,05/29/2023,17.1,24.7,19.8,16.6,82.38,,27.7,40.7,54.04,,18.6,58.33,,14.4,97.2,1015.0,"Lightning Without Thunder, Mist, Light Drizzle, Rain, Heavy Rain, Light Rain",38.8904,-77.032,United States,United States,,"Rain, Overcast"
US,05/30/2023,15.4,23.7,18.8,13.1,71.06,,23.1,33.5,62.13,,3.04,16.67,,15.7,85.4,1020.1,"Lightning Without Thunder, Mist, Light Drizzle, Thunderstorm, Rain, Heavy Rain, Light Rain",38.8904,-77.032,United States,United States,,"Rain, Overcast"
US,05/31/2023,12.9,25.4,19.0,9.9,58.81,,14.1,,63.88,,0.0,0.0,,15.1,22.5,1021.3,"Mist, Smoke Or Haze",38.8904,-77.032,United States,United States,,Clear
US,06/01/2023,14.7,28.7,22.2,14.1,62.89,28.7,17.8,,94.08,,0.0,0.0,,14.2,19.7,1018.6,Smoke Or Haze,38.8904,-77.032,United States,United States,,Clear
US,06/02/2023,17.4,33.6,25.3,15.4,58.62,32.6,15.4,,112.17,,0.0,0.0,,13.4,18.8,1013.1,"Mist, Smoke Or Haze",38.8904,-77.032,United States,United States,,Clear
US,06/03/2023,17.1,28.7,24.1,16.8,64.68,29.1,27.9,35.3,68.25,,0.0,0.0,,16.0,72.6,1012.2,,38.8904,-77.032,United States,United States,,Partially cloudy
US,06/04/2023,16.0,24.2,19.2,11.7,62.57,,21.1,40.7,146.58,,0.0,0.0,,16.0,77.5,1016.2,Light Drizzle,38.8904,-77.032,United States,United States,,Overcast
US,06/05/2023,14.9,26.5,20.8,10.7,56.98,,20.9,31.7,194.58,,0.0,0.0,,16.0,67.6,1013.2,,38.8904,-77.032,United States,United States,,Partially cloudy
US,06/06/2023,15.7,28.2,22.5,8.3,41.74,27.2,25.6,41.7,250.13,,0.0,0.0,,13.2,83.2,1008.4,"Light Drizzle, Smoke Or Haze",38.8904,-77.032,United States,United States,,Overcast
US,06/07/2023,16.7,26.5,22.2,8.1,41.79,,25.0,33.5,168.71,,0.0,0.0,,7.4,62.4,1005.4,Smoke Or Haze,38.8904,-77.032,United States,United States,,Partially cloudy
US,06/08/2023,15.8,25.4,20.4,8.3,48.39,,21.8,29.5,116.25,,0.0,0.0,,4.8,74.5,1005.9,Smoke Or Haze,38.8904,-77.032,United States,United States,,Partially cloudy
US,06/09/2023,15.1,24.2,20.2,8.2,46.9,,24.0,51.8,309.42,,0.0,0.0,,15.8,69.5,1009.2,"Light Drizzle, Smoke Or Haze",38.8904,-77.032,United States,United States,,Partially cloudy
US,06/10/2023,14.7,30.5,22.8,9.7,46.55,28.8,22.9,35.3,228.54,,0.0,0.0,,16.0,41.9,1010.5,,38.8904,-77.032,United States,United States,,Partially cloudy
US,06/11/2023,18.4,32.0,25.1,14.5,53.93,30.9,24.1,40.7,183.83,,0.0,0.0,,15.5,67.8,1010.1,Light Drizzle,38.8904,-77.032,United States,United States,,Partially cloudy
US,06/12/2023,20.0,26.0,23.7,17.6,68.77,,25.1,47.3,217.83,,5.46,16.67,,15.5,88.8,1005.0,"Light Drizzle, Light Rain",38.8904,-77.032,United States,United States,,"Rain, Overcast"
US,06/13/2023,15.8,27.1,22.0,11.5,53.57,26.6,20.0,31.7,239.58,,0.0,0.0,,16.0,55.4,1007.4,,38.8904,-77.032,United States,United States,,Partially cloudy
US,06/14/2023,18.1,28.2,22.2,11.6,53.49,27.3,37.6,57.6,227.75,,0.0,0.0,,15.7,64.1,1002.5,"Light Drizzle, Light Rain",38.8904,-77.032,United States,United States,,Partially cloudy
US,06/15/2023,17.3,28.7,23.0,9.1,43.31,27.4,21.6,37.1,259.54,,0.0,0.0,,15.9,45.6,1006.2,,38.8904,-77.032,United States,United States,,Partially cloudy
US,06/16/2023,18.2,27.1,22.7,14.8,62.18,27.5,37.3,50.4,209.79,,0.03,8.33,,15.0,86.2,1005.7,"Lightning Without Thunder, Light Rain",38.8904,-77.032,United States,United States,,"Rain, Overcast"
US,06/17/2023,17.7,28.7,23.3,11.8,51.71,27.6,32.3,48.5,318.33,,0.0,0.0,,13.2,47.7,1008.7,Smoke Or Haze,38.8904,-77.032,United States,United States,,Partially cloudy
US,06/18/2023,17.6,30.5,24.5,9.5,41.37,28.7,17.8,25.9,209.17,,0.0,0.0,,13.2,28.2,1012.3,Smoke Or Haze,38.8904,-77.032,United States,United States,,Partially cloudy
US,06/19/2023,18.8,31.5,25.2,16.5,59.85,32.3,23.4,37.1,113.38,,0.01,4.17,,11.9,70.4,1014.8,Smoke Or Haze,38.8904,-77.032,United States,United States,,"Rain, Partially cloudy"
US,06/20/2023,22.0,27.1,24.2,18.1,69.21,28.0,30.0,46.4,78.17,,0.01,4.17,,13.2,83.6,1018.4,Smoke Or Haze,38.8904,-77.032,United States,United States,,"Rain, Overcast"
US,06/21/2023,16.1,22.0,18.9,16.3,85.0,,38.9,62.4,45.92,,10.62,70.83,,12.9,97.9,1019.8,"Mist, Light Drizzle, Rain, Heavy Rain, Light Rain",38.8904,-77.032,United States,United States,,"Rain, Overcast"
US,06/22/2023,16.1,19.9,18.1,16.6,91.23,,23.6,38.9,50.63,,1.28,37.5,,10.5,100.0,1018.3,"Mist, Light Drizzle, Light Rain",38.8904,-77.032,United States,United States,,"Rain, Overcast"
US,06/23/2023,18.7,26.1,21.9,20.4,91.4,,14.9,,96.79,,6.16,75.0,,11.5,94.7,1013.7,"Lightning Without Thunder, Mist, Light Drizzle, Rain, Thunderstorm, Heavy Rain, Light Rain",38.8904,-77.032,United States,United States,,"Rain, Overcast"
US,06/24/2023,22.1,31.0,25.3,20.4,76.61,32.1,16.4,,190.25,,0.3,8.33,,15.7,87.9,1010.8,"Mist, Light Drizzle, Light Rain",38.8904,-77.032,United States,United States,,"Rain, Overcast"
US,06/25/2023,21.5,32.9,27.0,18.9,63.15,33.4,21.0,,250.79,,0.0,0.0,,16.0,52.1,1010.0,Mist,38.8904,-77.032,United States,United States,,Partially cloudy
US,06/26/2023,24.1,31.1,27.1,20.9,70.0,34.6,23.2,37.1,185.71,,0.0,0.0,,15.6,81.8,1005.3,"Lightning Without Thunder, Light Rain",38.8904,-77.032,United States,United States,,Overcast
US,06/27/2023,20.5,28.9,23.4,18.5,75.14,30.2,26.4,54.1,195.75,,19.15,37.5,,15.7,85.4,1005.4,"Lightning Without Thunder, Mist, Light Drizzle, Thunderstorm, Rain, Heavy Rain, Light Rain",38.8904,-77.032,United States,United States,,"Rain, Overcast"
US,06/28/2023,19.8,27.7,23.7,16.4,64.83,28.0,25.2,43.1,291.54,,0.0,0.0,,10.7,67.4,1011.7,"Mist, Smoke Or Haze",38.8904,-77.032,United States,United States,,Partially cloudy
US,06/29/2023,18.4,30.4,24.3,15.0,58.27,29.2,15.8,,200.04,,0.0,0.0,,6.0,22.3,1017.0,"Mist, Smoke Or Haze",38.8904,-77.032,United States,United States,,Clear
US,06/30/2023,21.3,30.4,24.5,19.8,75.94,33.1,24.0,50.0,174.08,,10.84,25.0,,8.5,65.3,1016.8,"Lightning Without Thunder, Mist, Rain, Thunderstorm, Heavy Rain, Light Rain, Smoke Or Haze",38.8904,-77.032,United States,United States,,"Rain, Partially cloudy"
US,07/01/2023,22.0,30.5,25.1,21.1,79.23,35.2,20.2,50.0,157.67,,6.29,12.5,,10.4,79.2,1015.2,"Lightning Without Thunder, Mist, Light Drizzle, Thunderstorm, Light Rain, Smoke Or Haze",38.8904,-77.032,United States,United States,,"Rain, Overcast"
US,07/02/2023,23.2,32.0,27.0,23.0,79.85,37.7,20.2,29.5,178.38,,0.45,4.17,,15.1,85.0,1011.2,"Mist, Light Drizzle",38.8904,-77.032,United States,United States,,"Rain, Overcast"
US,07/03/2023,25.3,32.2,27.9,22.1,71.33,35.0,24.9,35.3,201.83,,0.29,8.33,,16.0,82.3,1011.1,"Lightning Without Thunder, Mist, Light Drizzle, Thunderstorm, Light Rain",38.8904,-77.032,United States,United States,,"Rain, Overcast"
US,07/04/2023,22.7,32.7,27.7,21.1,69.73,35.3,21.6,54.2,263.29,,20.23,12.5,,15.4,64.8,1013.4,"Mist, Light Drizzle, Thunderstorm, Rain, Heavy Rain, Light Rain",38.8904,-77.032,United States,United States,,"Rain, Partially cloudy"
US,07/05/2023,24.1,33.2,28.2,21.5,67.73,37.3,24.4,40.7,192.33,,0.0,0.0,,15.0,74.3,1015.2,"Lightning Without Thunder, Mist, Thunderstorm, Smoke Or Haze",38.8904,-77.032,United States,United States,,Partially cloudy
US,07/06/2023,24.1,32.0,27.6,22.4,74.57,35.5,21.8,44.0,121.92,,3.79,8.33,,15.4,56.5,1013.0,"Light Drizzle, Thunderstorm, Light Rain",38.8904,-77.032,United States,United States,,"Rain, Partially cloudy"
US,07/07/2023,24.0,30.6,26.9,22.6,77.76,35.1,17.2,,151.17,,17.78,12.5,,15.0,56.4,1010.7,"Lightning Without Thunder, Mist, Rain, Thunderstorm, Heavy Rain, Light Rain",38.8904,-77.032,United States,United States,,"Rain, Partially cloudy"
US,07/08/2023,24.2,32.6,27.1,22.6,77.17,36.6,31.2,53.6,169.42,,10.99,8.33,,15.4,74.0,1010.4,"Lightning Without Thunder, Light Drizzle, Thunderstorm, Light Rain",38.8904,-77.032,United States,United States,,"Rain, Partially cloudy"
US,07/09/2023,23.0,29.3,25.3,21.7,81.18,32.3,22.7,40.2,150.67,,3.21,8.33,,15.6,81.7,1008.9,"Mist, Thunderstorm, Light Rain",38.8904,-77.032,United States,United States,,"Rain, Overcast"
US,07/10/2023,21.5,31.4,25.9,18.2,64.52,32.6,20.4,29.5,308.67,,0.0,0.0,,16.0,64.9,1010.3,,38.8904,-77.032,United States,United States,,Partially cloudy
US,07/11/2023,21.5,32.0,27.2,15.5,50.65,31.2,16.0,29.5,280.38,,0.0,0.0,,16.0,36.0,1013.4,,38.8904,-77.032,United States,United States,,Partially cloudy
US,07/12/2023,22.4,32.7,27.9,17.8,55.77,33.5,19.6,38.9,199.92,,0.0,0.0,,15.9,43.7,1014.5,,38.8904,-77.032,United States,United States,,Partially cloudy
US,07/13/2023,23.9,33.8,29.0,20.6,61.72,37.0,28.1,42.5,193.67,,0.0,0.0,,15.9,63.9,1011.0,,38.8904,-77.032,United States,United States,,Partially cloudy
US,07/14/2023,22.6,32.1,27.1,20.1,66.08,36.6,23.5,72.1,216.25,,31.25,8.33,,15.8,76.2,1011.8,"Light Drizzle, Thunderstorm, Light Rain",38.8904,-77.032,United States,United States,,"Rain, Overcast"
US,07/15/2023,22.7,31.0,26.5,23.1,82.33,36.9,31.0,50.0,148.88,,0.32,12.5,,15.2,76.8,1012.6,"Mist, Thunderstorm, Rain, Light Rain",38.8904,-77.032,United States,United States,,"Rain, Overcast"
US,07/16/2023,24.2,29.8,26.5,23.1,82.0,34.2,10.8,,207.75,,3.59,33.33,,15.7,84.8,1009.7,"Light Drizzle, Light Rain",38.8904,-77.032,United States,United States,,"Rain, Overcast"
US,07/17/2023,23.5,31.1,27.6,20.5,66.72,33.8,21.0,,201.04,,0.0,0.0,,11.1,51.9,1013.9,"Mist, Smoke Or Haze",38.8904,-77.032,United States,United States,,Partially cloudy
US,07/18/2023,23.2,32.1,27.9,19.2,61.33,32.6,17.6,27.7,270.58,,0.0,0.0,,12.7,51.0,1014.7,"Mist, Smoke Or Haze",38.8904,-77.032,United States,United States,,Partially cloudy
US,07/19/2023,22.7,30.5,26.5,21.5,74.75,33.6,15.4,,178.54,,12.24,20.83,,14.9,76.7,1015.6,"Lightning Without Thunder, Mist, Light Drizzle, Thunderstorm, Rain, Heavy Rain, Light Rain",38.8904,-77.032,United States,United States,,"Rain, Overcast"
US,07/20/2023,22.9,31.1,27.4,20.6,67.38,33.4,17.4,,222.83,,0.0,0.0,,14.3,46.9,1014.4,Mist,38.8904,-77.032,United States,United States,,Partially cloudy
US,07/21/2023,20.9,30.5,26.3,19.3,67.53,32.3,41.4,76.0,245.83,,9.59,16.67,,15.4,71.0,1008.9,"Lightning Without Thunder, Mist, Light Drizzle, Thunderstorm, Rain, Heavy Rain, Light Rain",38.8904,-77.032,United States,United States,,"Rain, Partially cloudy"
US,07/22/2023,21.6,29.8,25.6,16.2,57.34,29.9,19.1,,241.83,,0.0,0.0,,16.0,64.4,1010.9,Mist,38.8904,-77.032,United States,United States,,Partially cloudy
US,07/23/2023,20.8,30.5,26.0,18.2,63.46,31.1,20.3,,158.54,,0.0,0.0,,16.0,38.9,1014.6,Light Drizzle,38.8904,-77.032,United States,United States,,Partially cloudy
US,07/24/2023,22.8,29.2,26.1,20.7,72.87,31.7,18.3,,149.92,,1.16,4.17,,16.0,71.7,1018.2,"Lightning Without Thunder, Thunderstorm, Light Rain",38.8904,-77.032,United States,United States,,"Rain, Partially cloudy"
US,07/25/2023,23.0,31.5,26.4,21.7,76.57,35.9,15.9,,161.25,,0.06,4.17,,15.9,79.0,1018.0,"Lightning Without Thunder, Thunderstorm, Light Rain",38.8904,-77.032,United States,United States,,"Rain, Overcast"
US,07/26/2023,20.8,31.6,26.3,20.9,73.45,35.4,23.0,,160.08,,0.0,0.0,,15.7,30.6,1018.9,,38.8904,-77.032,United States,United States,,Partially cloudy
US,07/27/2023,25.9,35.6,29.3,22.9,70.41,40.3,30.1,57.2,208.04,,0.14,4.17,,15.6,65.9,1015.5,Light Drizzle,38.8904,-77.032,United States,United States,,"Rain, Partially cloudy"
US,07/28/2023,25.7,34.9,29.9,23.2,68.37,42.1,24.5,35.3,192.29,,2.36,12.5,,15.7,61.2,1016.0,"Lightning Without Thunder, Light Drizzle, Thunderstorm, Light Rain, Smoke Or Haze",38.8904,-77.032,United States,United States,,"Rain, Partially cloudy"
US,07/29/2023,23.7,35.5,27.6,21.8,72.06,41.7,47.0,96.1,238.0,,12.09,4.17,,16.0,74.0,1011.8,"Mist, Thunderstorm, Light Rain",38.8904,-77.032,United States,United States,,"Rain, Partially cloudy"
US,07/30/2023,22.5,29.8,26.2,16.4,56.45,29.5,21.5,,178.46,,0.0,0.0,,16.0,48.7,1014.4,,38.8904,-77.032,United States,United States,,Partially cloudy
US,07/31/2023,21.3,29.3,25.2,16.8,62.7,29.3,21.8,36.8,289.17,,9.37,8.33,,15.6,60.3,1015.7,"Mist, Light Drizzle, Heavy Rain, Light Rain",38.8904,-77.032,United States,United States,,"Rain, Partially cloudy"
US,08/01/2023,19.6,27.0,23.4,14.4,57.78,27.2,20.0,27.7,216.0,,0.0,0.0,,16.0,45.2,1020.3,,38.8904,-77.032,United States,United States,,Partially cloudy
US,08/02/2023,19.6,27.7,23.7,15.0,60.06,27.5,17.8,,114.71,,0.0,0.0,,15.9,65.2,1022.3,,38.8904,-77.032,United States,United States,,Partially cloudy
US,08/03/2023,19.9,26.0,22.3,16.9,72.43,,36.1,47.7,184.67,,1.11,25.0,,15.0,85.1,1018.9,"Mist, Light Drizzle, Light Rain",38.8904,-77.032,United States,United States,,"Rain, Overcast"
US,08/04/2023,19.3,27.0,22.7,19.1,80.83,28.3,30.6,48.1,181.42,,0.91,25.0,,13.7,84.6,1014.6,"Mist, Light Drizzle, Light Rain",38.8904,-77.032,United States,United States,,"Rain, Overcast"
US,08/05/2023,21.8,30.4,25.6,20.1,73.68,31.4,14.0,,151.92,,0.0,0.0,,15.8,61.4,1014.7,"Mist, Fog",38.8904,-77.032,United States,United States,,Partially cloudy
US,08/06/2023,22.4,30.5,25.8,21.5,78.62,34.6,23.3,48.2,163.75,,12.0,20.83,,14.6,76.3,1015.1,"Mist, Light Drizzle, Thunderstorm, Rain, Heavy Rain, Light Rain",38.8904,-77.032,United States,United States,,"Rain, Overcast"
US,08/07/2023,22.7,31.1,25.5,22.4,83.64,36.9,56.0,81.0,187.13,,9.19,16.67,,15.5,88.0,1010.0,"Lightning Without Thunder, Squalls, Thunderstorm, Rain, Heavy Rain, Light Rain",38.8904,-77.032,United States,United States,,"Rain, Overcast"
US,08/08/2023,22.1,29.9,25.6,17.0,62.26,29.8,37.9,59.0,254.5,,12.57,8.33,,15.5,54.1,1008.1,"Thunderstorm, Rain, Heavy Rain",38.8904,-77.032,United States,United States,,"Rain, Partially cloudy"
US,08/09/2023,21.4,29.8,26.0,16.7,57.04,30.7,21.4,38.9,255.17,,0.0,0.0,,16.0,39.0,1010.6,Light Rain,38.8904,-77.032,United States,United States,,Partially cloudy
US,08/10/2023,23.1,28.2,25.4,20.7,75.47,30.2,24.2,59.0,222.5,,2.55,8.33,,15.4,79.4,1006.2,"Mist, Light Drizzle, Thunderstorm, Rain, Heavy Rain, Light Rain",38.8904,-77.032,United States,United States,,"Rain, Overcast"
US,08/11/2023,20.8,30.4,26.0,18.2,63.47,31.0,14.6,31.7,215.21,,0.0,0.0,,15.9,56.1,1010.2,"Mist, Light Rain",38.8904,-77.032,United States,United States,,Partially cloudy
US,08/12/2023,23.0,32.7,27.3,21.1,70.21,34.2,24.5,37.1,177.79,,0.0,0.0,,16.0,64.4,1011.8,,38.8904,-77.032,United States,United States,,Partially cloudy
US,08/13/2023,25.3,32.8,28.8,19.9,60.42,33.9,26.2,40.7,266.21,,0.0,0.0,,16.0,68.3,1012.9,,38.8904,-77.032,United States,United States,,Partially cloudy
US,08/14/2023,23.1,32.7,26.8,21.4,73.73,37.5,21.4,92.5,128.04,,11.51,12.5,,15.4,80.1,1013.4,"Thunderstorm, Rain, Fog, Heavy Rain",38.8904,-77.032,United States,United States,,"Rain, Overcast"
US,08/15/2023,24.8,31.2,26.8,23.0,79.81,36.9,19.8,37.1,169.92,,9.84,20.83,,15.0,78.5,1008.5,"Rain, Thunderstorm, Heavy Rain, Light Rain",38.8904,-77.032,United States,United States,,"Rain, Overcast"
US,08/16/2023,21.6,30.5,26.1,17.5,60.1,31.2,19.0,29.5,294.13,,0.02,4.17,,16.0,57.4,1013.1,Light Rain,38.8904,-77.032,United States,United States,,"Rain, Partially cloudy"
US,08/17/2023,21.9,31.9,26.9,20.7,69.97,35.4,20.4,,124.54,,0.0,0.0,,16.0,59.2,1012.1,Light Rain,38.8904,-77.032,United States,United States,,Partially cloudy
US,08/18/2023,22.6,28.8,25.7,16.4,59.8,30.0,25.7,46.4,296.04,,0.02,4.17,,15.9,57.8,1009.9,"Lightning Without Thunder, Light Rain",38.8904,-77.032,United States,United States,,"Rain, Partially cloudy"
US,08/19/2023,17.4,28.3,23.0,11.5,49.77,27.5,17.6,33.5,273.96,,0.0,0.0,,16.0,14.0,1017.8,,38.8904,-77.032,United States,United States,,Clear
US,08/20/2023,18.9,30.6,24.9,17.2,63.9,31.1,19.6,,156.5,,0.0,0.0,,16.0,19.5,1019.7,,38.8904,-77.032,United States,United States,,Clear
US,08/21/2023,22.6,32.7,27.7,20.3,66.46,35.1,17.4,29.5,244.67,,0.0,0.0,,15.9,76.4,1018.5,Mist,38.8904,-77.032,United States,United States,,Overcast
US,08/22/2023,22.7,28.7,25.8,16.0,57.44,29.4,25.4,60.8,128.79,,0.0,0.0,,15.7,68.2,1018.3,,38.8904,-77.032,United States,United States,,Partially cloudy
US,08/23/2023,17.4,27.9,23.2,14.3,59.06,27.4,21.2,,153.83,,0.0,0.0,,16.0,45.0,1019.5,,38.8904,-77.032,United States,United States,,Partially cloudy
US,08/24/2023,21.5,27.1,24.0,17.3,65.96,28.6,22.8,29.5,174.46,,0.0,0.0,,16.0,91.9,1015.9,"Light Drizzle, Light Rain",38.8904,-77.032,United States,United States,,Overcast
US,08/25/2023,23.6,33.3,27.0,21.3,72.15,37.0,28.5,70.2,179.38,,11.29,12.5,,15.7,81.6,1011.1,"Lightning Without Thunder, Light Drizzle, Light Rain",38.8904,-77.032,United States,United States,,"Rain, Overcast"
US,08/26/2023,23.8,32.7,28.1,21.6,69.97,35.3,23.6,31.7,254.25,,0.02,4.17,,15.9,55.6,1010.3,Mist,38.8904,-77.032,United States,United States,,"Rain, Partially cloudy"
US,08/27/2023,23.5,30.9,27.0,19.0,62.19,32.5,22.8,,68.92,,0.0,0.0,,16.0,79.2,1012.5,,38.8904,-77.032,United States,United States,,Overcast
US,08/28/2023,23.1,25.5,24.3,20.7,80.44,,17.3,,81.54,,0.28,12.5,,16.0,89.5,1014.7,"Light Drizzle, Light Rain",38.8904,-77.032,United States,United States,,"Rain, Overcast"
US,08/29/2023,22.7,27.1,24.6,21.6,83.69,29.2,22.2,38.9,58.33,,0.13,20.83,,15.0,94.9,1012.8,"Mist, Light Drizzle, Light Rain",38.8904,-77.032,United States,United States,,"Rain, Overcast"
US,08/30/2023,23.7,29.9,26.3,18.1,64.24,30.2,26.4,37.1,276.63,,0.0,0.0,,15.8,85.4,1008.5,"Light Drizzle, Light Rain",38.8904,-77.032,United States,United States,,Overcast
US,08/31/2023,19.2,28.0,23.2,11.6,50.03,27.0,30.4,44.4,91.08,,0.0,0.0,,16.0,52.0,1013.8,,38.8904,-77.032,United States,United States,,Partially cloudy
US,09/01/2023,15.8,27.0,21.8,11.0,51.41,26.7,17.3,,68.79,,0.0,0.0,,16.0,15.2,1023.9,,38.8904,-77.032,United States,United States,,Clear
US,09/02/2023,16.7,29.3,22.7,15.5,65.78,29.5,20.7,,172.5,,0.0,0.0,,16.0,19.8,1022.4,,38.8904,-77.032,United States,United States,,Clear
US,09/03/2023,19.7,35.9,27.4,18.3,61.31,36.7,16.9,27.7,214.42,,0.0,0.0,,16.0,25.5,1015.9,,38.8904,-77.032,United States,United States,,Partially cloudy
US,09/04/2023,23.7,36.5,29.8,19.8,57.55,38.2,19.9,35.3,262.92,,0.0,0.0,,16.0,60.5,1013.5,,38.8904,-77.032,United States,United States,,Partially cloudy
US,09/05/2023,24.7,36.0,29.9,20.3,57.85,38.2,19.7,27.7,263.67,,0.0,0.0,,16.0,53.5,1014.3,,38.8904,-77.032,United States,United States,,Partially cloudy
US,09/06/2023,23.9,36.0,30.0,20.7,60.11,38.0,12.4,,180.79,,0.0,0.0,,16.0,40.6,1012.0,,38.8904,-77.032,United States,United States,,Partially cloudy
US,09/07/2023,25.2,35.0,29.1,21.9,66.83,40.2,18.6,27.7,175.58,,0.0,0.0,,15.6,51.8,1008.9,Lightning Without Thunder,38.8904,-77.032,United States,United States,,Partially cloudy
US,09/08/2023,22.7,33.3,27.4,20.3,66.71,36.5,21.7,50.0,190.75,,10.03,20.83,,15.7,78.5,1012.7,"Lightning Without Thunder, Light Drizzle, Thunderstorm, Rain, Light Rain",38.8904,-77.032,United States,United States,,"Rain, Overcast"
US,09/09/2023,21.1,29.9,23.6,20.2,82.03,33.2,32.3,57.9,160.42,,15.92,41.67,,15.2,79.0,1017.6,"Lightning Without Thunder, Mist, Light Drizzle, Thunderstorm, Rain, Heavy Rain, Light Rain",38.8904,-77.032,United States,United States,,"Rain, Overcast"
US,09/10/2023,21.9,26.6,23.9,20.4,81.37,,9.1,,90.5,,3.56,45.83,,15.6,87.3,1017.9,"Lightning Without Thunder, Light Drizzle, Light Rain",38.8904,-77.032,United States,United States,,"Rain, Overcast"
US,09/11/2023,21.7,30.9,25.6,20.2,74.17,32.2,18.6,41.6,222.25,,1.57,33.33,,15.8,73.7,1016.2,"Light Drizzle, Light Rain",38.8904,-77.032,United States,United States,,"Rain, Partially cloudy"
US,09/12/2023,21.9,30.4,26.1,20.4,72.34,31.8,18.5,31.7,159.96,,0.18,4.17,,16.0,65.7,1015.3,"Thunderstorm, Light Rain",38.8904,-77.032,United States,United States,,"Rain, Partially cloudy"
US,09/13/2023,21.6,28.2,24.8,16.9,63.61,28.5,20.0,29.5,290.67,,0.0,0.0,,16.0,77.5,1014.2,Light Rain,38.8904,-77.032,United States,United States,,Overcast
US,09/14/2023,18.7,27.0,23.0,12.0,51.65,26.7,23.1,33.5,230.42,,0.02,4.17,,16.0,35.2,1017.7,Light Rain,38.8904,-77.032,United States,United States,,"Rain, Partially cloudy"
US,09/15/2023,14.7,24.8,20.0,9.4,51.55,,25.2,40.7,181.83,,0.0,0.0,,16.0,14.2,1018.4,,38.8904,-77.032,United States,United States,,Clear
US,09/16/2023,14.1,27.0,20.7,10.4,53.87,26.6,24.8,35.3,303.0,,0.0,0.0,,16.0,12.1,1016.2,,38.8904,-77.032,United States,United States,,Clear
US,09/17/2023,16.3,24.9,19.9,15.5,76.57,,24.6,59.2,139.21,,0.9,16.67,,15.9,71.1,1013.0,"Light Drizzle, Rain, Heavy Rain, Light Rain",38.8904,-77.032,United States,United States,,"Rain, Partially cloudy"
US,09/18/2023,17.1,25.9,20.9,14.0,67.16,,28.8,42.5,301.21,,0.53,20.83,,16.0,68.2,1010.2,"Light Drizzle, Light Rain",38.8904,-77.032,United States,United States,,"Rain, Partially cloudy"
US,09/19/2023,16.3,26.2,20.8,11.0,55.0,,25.9,38.9,315.38,,0.0,0.0,0.0,16.0,27.3,1017.1,,38.8904,-77.032,United States,United States,,Partially cloudy
US,09/20/2023,14.6,26.6,20.6,11.3,57.7,,12.1,,119.5,,0.0,0.0,,16.0,46.9,1021.5,,38.8904,-77.032,United States,United States,,Partially cloudy
US,09/21/2023,15.7,26.5,20.9,13.1,63.27,,12.6,,150.29,,0.0,0.0,,16.0,66.7,1023.8,,38.8904,-77.032,United States,United States,,Partially cloudy
US,09/22/2023,16.4,23.1,19.6,13.3,67.67,,33.5,51.7,44.92,,0.08,8.33,,16.0,86.3,1023.9,Light Rain,38.8904,-77.032,United States,United States,,"Rain, Overcast"
US,09/23/2023,14.9,17.8,16.5,14.6,89.0,,44.3,61.6,27.79,,37.31,95.83,,8.8,97.6,1013.4,"Mist, Light Drizzle, Rain, Heavy Rain, Light Rain",38.8904,-77.032,United States,United States,,"Rain, Overcast"
US,09/24/2023,17.7,20.6,19.0,17.4,90.42,,32.7,48.5,138.79,,19.6,75.0,,11.6,99.3,1010.9,"Mist, Light Drizzle, Rain, Heavy Rain, Light Rain",38.8904,-77.032,United States,United States,,"Rain, Overcast"
US,09/25/2023,16.6,21.0,18.6,15.5,82.54,,21.6,,241.13,,0.35,12.5,,15.0,94.9,1017.0,"Mist, Light Drizzle, Light Rain",38.8904,-77.032,United States,United States,,"Rain, Overcast"
US,09/26/2023,14.9,16.6,15.9,14.4,90.73,,20.2,,32.29,,1.08,25.0,,10.7,99.7,1024.7,"Mist, Light Drizzle, Light Rain",38.8904,-77.032,United States,United States,,"Rain, Overcast"
US,09/27/2023,14.9,21.5,17.1,11.6,70.98,,19.9,,42.17,,0.0,0.0,,16.0,73.8,1025.4,,38.8904,-77.032,United States,United States,,Partially cloudy
US,09/28/2023,12.7,20.9,16.8,12.8,77.46,,25.8,,66.04,,0.0,0.0,,15.8,83.8,1022.8,Mist,38.8904,-77.032,United States,United States,,Overcast
US,09/29/2023,16.6,21.0,18.6,15.6,82.52,,19.7,,172.04,,0.0,0.0,,14.4,99.9,1020.1,"Mist, Light Drizzle",38.8904,-77.032,United States,United States,,Overcast
US,09/30/2023,18.2,24.2,20.4,15.9,76.14,,22.5,,163.58,,0.0,0.0,,16.0,92.4,1021.5,,38.8904,-77.032,United States,United States,,Overcast
US,10/01/2023,16.5,27.7,21.7,15.0,67.93,27.8,23.2,31.7,237.46,,0.0,0.0,,16.0,18.1,1022.9,Mist,38.8904,-77.032,United States,United States,,Clear
US,10/02/2023,17.0,28.6,22.4,15.7,67.7,29.0,12.4,,140.58,,0.0,0.0,,15.9,21.4,1022.4,,38.8904,-77.032,United States,United States,,Clear
US,10/03/2023,17.9,29.1,23.0,16.8,71.19,29.0,11.9,,68.25,,0.0,0.0,,15.7,31.7,1021.9,,38.8904,-77.032,United States,United States,,Partially cloudy
US,10/04/2023,17.5,27.7,21.8,16.2,72.87,28.1,14.2,,121.04,,0.0,0.0,,14.9,21.1,1022.3,"Mist, Fog",38.8904,-77.032,United States,United States,,Clear
US,10/05/2023,16.2,26.0,20.7,16.4,77.34,,16.3,,101.25,,0.0,0.0,,15.7,59.1,1021.6,"Mist, Fog",38.8904,-77.032,United States,United States,,Partially cloudy
US,10/06/2023,20.4,25.5,22.3,19.2,82.94,,10.6,,117.88,,0.0,0.0,,15.7,85.1,1014.9,"Mist, Light Rain",38.8904,-77.032,United States,United States,,Overcast
US,10/07/2023,12.8,21.4,17.8,11.0,67.42,,31.2,54.7,282.0,,2.09,25.0,,15.5,54.9,1009.7,"Mist, Rain, Heavy Rain, Light Rain",38.8904,-77.032,United States,United States,,"Rain, Partially cloudy"
US,10/08/2023,8.2,17.7,12.9,2.5,51.1,,31.1,50.5,256.25,6.6,0.0,0.0,,16.0,42.7,1009.5,,38.8904,-77.032,United States,United States,,Partially cloudy
US,10/09/2023,7.5,17.7,12.8,4.4,57.66,,21.7,50.0,221.63,5.0,0.0,0.0,,16.0,72.0,1010.4,Light Rain,38.8904,-77.032,United States,United States,,Partially cloudy
US,10/10/2023,9.1,20.7,15.0,8.3,67.25,,14.8,29.5,191.04,7.5,0.0,0.0,,16.0,64.6,1010.3,,38.8904,-77.032,United States,United States,,Partially cloudy
US,10/11/2023,10.4,22.1,16.1,7.1,59.73,,16.1,,212.5,,0.0,0.0,,16.0,47.3,1011.8,Mist,38.8904,-77.032,United States,United States,,Partially cloudy
US,10/12/2023,10.8,23.3,17.2,8.5,59.35,,12.1,,151.04,,0.0,0.0,,15.8,36.2,1012.5,Mist,38.8904,-77.032,United States,United States,,Partially cloudy
US,10/13/2023,12.9,22.0,17.0,9.4,62.24,,16.4,,100.42,,0.0,0.0,,16.0,37.7,1015.0,,38.8904,-77.032,United States,United States,,Partially cloudy
US,10/14/2023,13.7,16.6,15.1,12.6,85.11,,26.9,,94.08,,11.9,62.5,,12.8,98.0,1006.7,"Mist, Light Drizzle, Rain, Heavy Rain, Light Rain",38.8904,-77.032,United States,United States,,"Rain, Overcast"
US,10/15/2023,10.5,16.5,13.0,6.8,67.77,,32.6,47.9,325.42,,1.09,20.83,,15.3,69.4,1003.9,"Mist, Light Drizzle, Light Rain",38.8904,-77.032,United States,United States,,"Rain, Partially cloudy"
US,10/16/2023,8.5,17.6,12.6,6.0,65.0,,24.9,37.1,306.13,6.3,0.0,0.0,,16.0,54.6,1007.4,Light Rain,38.8904,-77.032,United States,United States,,Partially cloudy
US,10/17/2023,10.6,17.2,13.5,7.9,69.66,,22.0,33.5,325.92,,0.0,0.0,,16.0,76.9,1014.9,,38.8904,-77.032,United States,United States,,Overcast
US,10/18/2023,9.0,18.2,13.6,6.7,65.07,,16.0,29.5,240.83,8.7,0.0,0.0,,16.0,70.6,1021.5,,38.8904,-77.032,United States,United States,,Partially cloudy
US,10/19/2023,9.5,21.1,14.8,9.7,73.0,,23.2,35.3,128.58,,0.0,0.0,,16.0,49.4,1018.9,Mist,38.8904,-77.032,United States,United States,,Partially cloudy
US,10/20/2023,13.6,18.9,15.9,12.4,80.31,,19.8,38.9,192.96,,1.14,29.17,,15.8,92.3,1005.3,"Mist, Light Drizzle, Rain, Heavy Rain, Light Rain",38.8904,-77.032,United States,United States,,"Rain, Overcast"
US,10/21/2023,13.2,19.2,15.4,7.7,62.25,,37.0,64.8,300.88,,0.02,4.17,,15.9,77.0,999.5,,38.8904,-77.032,United States,United States,,"Rain, Overcast"
US,10/22/2023,9.6,18.1,13.8,4.2,54.73,,35.3,55.2,285.58,8.9,0.0,0.0,,16.0,53.5,1008.9,Light Drizzle,38.8904,-77.032,United States,United States,,Partially cloudy
US,10/23/2023,7.0,18.2,12.1,1.8,50.94,,22.6,35.3,266.67,4.6,0.0,0.0,,16.0,1.0,1022.6,,38.8904,-77.032,United States,United States,,Clear
US,10/24/2023,6.3,21.1,13.0,6.1,66.04,,16.2,,172.17,6.8,0.0,0.0,,16.0,11.0,1027.8,,38.8904,-77.032,United States,United States,,Clear
US,10/25/2023,9.8,25.0,16.3,7.6,59.53,,15.7,,204.63,8.3,0.0,0.0,,16.0,40.9,1026.5,,38.8904,-77.032,United States,United States,,Partially cloudy
US,10/26/2023,13.5,25.1,18.4,10.9,63.73,,12.6,,203.29,,0.0,0.0,,16.0,58.6,1024.2,Smoke Or Haze,38.8904,-77.032,United States,United States,,Partially cloudy
US,10/27/2023,16.5,27.6,20.3,14.8,72.69,27.5,15.7,,202.0,,0.0,0.0,,16.0,66.8,1021.0,Mist,38.8904,-77.032,United States,United States,,Partially cloudy
US,10/28/2023,15.9,29.8,21.7,15.5,70.61,29.7,16.2,,197.54,,0.0,0.0,,16.0,50.1,1018.4,Mist,38.8904,-77.032,United States,United States,,Partially cloudy
US,10/29/2023,17.9,25.0,20.7,16.5,77.37,,17.2,,106.42,,0.99,8.33,,15.8,90.2,1015.9,"Light Drizzle, Rain, Heavy Rain, Light Rain",38.8904,-77.032,United States,United States,,"Rain, Overcast"
US,10/30/2023,12.7,26.2,17.1,12.7,75.93,,36.5,53.7,188.96,,0.89,12.5,,16.0,79.8,1010.9,"Light Drizzle, Light Rain",38.8904,-77.032,United States,United States,,"Rain, Overcast"
US,10/31/2023,6.8,12.1,10.3,0.4,50.86,,24.7,37.1,234.04,5.4,0.02,4.17,,16.0,79.2,1018.3,"Light Drizzle, Light Rain",38.8904,-77.032,United States,United States,,"Rain, Overcast"
US,11/01/2023,4.2,9.9,6.8,-3.2,50.07,,35.7,56.6,318.63,0.9,0.0,0.0,,16.0,42.1,1021.2,,38.8904,-77.032,United States,United States,,Partially cloudy
US,11/02/2023,0.9,11.1,6.4,-4.4,47.65,,19.1,,219.96,-2.6,0.0,0.0,,16.0,20.5,1032.2,,38.8904,-77.032,United States,United States,,Clear
US,11/03/2023,3.0,15.6,8.9,0.6,59.65,,20.0,,194.5,0.2,0.0,0.0,,16.0,12.2,1030.9,,38.8904,-77.032,United States,United States,,Clear
US,11/04/2023,4.5,20.6,11.9,2.9,59.07,,14.1,,139.63,4.7,0.0,0.0,,16.0,54.2,1023.6,Fog,38.8904,-77.032,United States,United States,,Partially cloudy
US,11/05/2023,6.3,22.1,13.5,4.4,57.38,,20.0,33.5,182.44,,0.0,0.0,,15.9,32.3,1018.0,,38.8904,-77.032,United States,United States,,Partially cloudy
US,11/06/2023,8.4,18.4,13.2,6.0,63.04,,14.2,,82.17,6.1,0.0,0.0,,16.0,71.6,1018.9,,38.8904,-77.032,United States,United States,,Partially cloudy
US,11/07/2023,13.1,22.5,17.5,8.3,57.11,,19.8,,230.92,,0.0,0.0,,15.9,75.3,1011.0,,38.8904,-77.032,United States,United States,,Overcast
US,11/08/2023,9.1,18.7,13.3,4.3,55.54,,20.2,,181.88,7.0,0.0,0.0,,16.0,41.8,1017.5,,38.8904,-77.032,United States,United States,,Partially cloudy
US,11/09/2023,9.7,23.2,15.9,10.2,70.9,,21.4,,203.71,8.3,0.08,8.33,,15.6,64.7,1012.8,Light Rain,38.8904,-77.032,United States,United States,,"Rain, Partially cloudy"
US,11/10/2023,5.8,14.3,9.7,4.8,73.46,,19.8,29.5,288.75,3.9,3.98,25.0,,15.3,81.1,1022.1,"Light Drizzle, Rain, Fog, Heavy Rain, Light Rain",38.8904,-77.032,United States,United States,,"Rain, Overcast"
US,11/11/2023,3.5,15.6,8.9,3.1,70.33,,16.4,,203.08,1.6,0.0,0.0,,15.8,38.5,1027.5,"Mist, Fog",38.8904,-77.032,United States,United States,,Partially cloudy
US,11/12/2023,4.8,11.5,7.5,0.7,63.61,,20.1,,51.17,2.7,0.0,0.0,,16.0,54.2,1031.3,,38.8904,-77.032,United States,United States,,Partially cloudy
US,11/13/2023,1.8,12.8,7.2,1.4,67.78,,21.5,,164.17,-1.0,0.0,0.0,,16.0,18.1,1027.0,,38.8904,-77.032,United States,United States,,Clear
US,11/14/2023,4.8,16.0,10.4,0.6,53.21,,22.5,36.9,240.33,2.7,0.0,0.0,,16.0,22.5,1027.5,,38.8904,-77.032,United States,United States,,Clear
US,11/15/2023,3.9,15.0,9.5,2.8,64.68,,21.3,31.7,121.83,2.3,0.0,0.0,,16.0,85.3,1029.4,,38.8904,-77.032,United States,United States,,Overcast
US,11/16/2023,4.9,20.7,12.2,3.0,56.6,,14.8,,204.92,2.7,0.0,0.0,,16.0,41.3,1024.5,,38.8904,-77.032,United States,United States,,Partially cloudy
US,11/17/2023,8.1,21.2,14.4,9.4,73.22,,22.5,35.3,176.0,,0.13,4.17,,15.8,67.3,1016.0,Light Rain,38.8904,-77.032,United States,United States,,"Rain, Partially cloudy"
US,11/18/2023,8.3,15.6,12.8,4.9,62.27,,31.7,59.0,304.33,4.7,0.47,12.5,,15.9,38.3,1010.2,Light Rain,38.8904,-77.032,United States,United States,,"Rain, Partially cloudy"
US,11/19/2023,4.0,16.0,9.8,-1.9,46.28,,20.2,38.9,229.25,3.1,0.0,0.0,,16.0,1.1,1016.6,,38.8904,-77.032,United States,United States,,Clear
US,11/20/2023,4.2,10.5,7.2,-1.5,55.08,,17.4,,44.67,1.1,0.0,0.0,,16.0,56.8,1027.1,,38.8904,-77.032,United States,United States,,Partially cloudy
US,11/21/2023,4.1,15.0,9.0,5.6,80.21,,26.0,44.4,92.0,1.8,46.04,62.5,,10.9,97.6,1023.3,"Mist, Light Drizzle, Rain, Heavy Rain, Light Rain",38.8904,-77.032,United States,United States,,"Rain, Overcast"
US,11/22/2023,9.3,16.0,12.0,7.0,73.11,,33.1,54.5,281.88,8.3,5.42,12.5,,15.2,78.6,1009.0,"Mist, Rain, Heavy Rain, Light Rain",38.8904,-77.032,United States,United States,,"Rain, Overcast"
US,11/23/2023,6.8,14.3,10.1,1.0,54.35,,25.4,45.4,283.96,4.2,0.0,0.0,,16.0,14.6,1014.8,,38.8904,-77.032,United States,United States,,Clear
US,11/24/2023,4.6,13.2,8.6,0.3,56.92,,28.2,27.7,337.63,1.6,0.0,0.0,,16.0,60.4,1022.4,,38.8904,-77.032,United States,United States,,Partially cloudy
US,11/25/2023,0.9,6.7,3.7,-6.1,49.29,,24.4,,49.79,-3.9,0.0,0.0,,16.0,51.3,1029.5,,38.8904,-77.032,United States,United States,,Partially cloudy
US,11/26/2023,1.9,8.2,5.3,2.0,79.69,,13.0,,115.5,-1.1,2.92,29.17,,12.5,92.0,1019.0,,38.8904,-77.032,United States,United States,,"Rain, Overcast"
US,11/27/2023,2.7,9.9,6.1,-1.2,62.12,,32.8,61.3,298.46,-1.3,0.0,0.0,,16.0,26.6,1011.4,,38.8904,-77.032,United States,United States,,Partially cloudy
US,11/28/2023,0.9,1.6,1.1,-6.6,56.54,,11.0,,232.75,-2.4,0.0,0.0,,16.0,43.3,1014.4,,38.8904,-77.032,United States,United States,,Partially cloudy
